---- THOUSAND USERS

insert into users (user_id, user_name) values (1, 'Boycie');
insert into users (user_id, user_name) values (2, 'Michell');
insert into users (user_id, user_name) values (3, 'Sarine');
insert into users (user_id, user_name) values (4, 'Robbyn');
insert into users (user_id, user_name) values (5, 'Hali');
insert into users (user_id, user_name) values (6, 'Kinnie');
insert into users (user_id, user_name) values (7, 'Julian');
insert into users (user_id, user_name) values (8, 'Rosa');
insert into users (user_id, user_name) values (9, 'Martelle');
insert into users (user_id, user_name) values (10, 'Eartha');
insert into users (user_id, user_name) values (11, 'Noemi');
insert into users (user_id, user_name) values (12, 'Matthieu');
insert into users (user_id, user_name) values (13, 'Grantley');
insert into users (user_id, user_name) values (14, 'Preston');
insert into users (user_id, user_name) values (15, 'Alexandros');
insert into users (user_id, user_name) values (16, 'Florentia');
insert into users (user_id, user_name) values (17, 'Jyoti');
insert into users (user_id, user_name) values (18, 'Berte');
insert into users (user_id, user_name) values (19, 'Boot');
insert into users (user_id, user_name) values (20, 'Stanleigh');
insert into users (user_id, user_name) values (21, 'Jasper');
insert into users (user_id, user_name) values (22, 'Charlean');
insert into users (user_id, user_name) values (23, 'Damita');
insert into users (user_id, user_name) values (24, 'Gertrud');
insert into users (user_id, user_name) values (25, 'Lorelei');
insert into users (user_id, user_name) values (26, 'Birk');
insert into users (user_id, user_name) values (27, 'Catherina');
insert into users (user_id, user_name) values (28, 'Hardy');
insert into users (user_id, user_name) values (29, 'Homer');
insert into users (user_id, user_name) values (30, 'Sara');
insert into users (user_id, user_name) values (31, 'Vitoria');
insert into users (user_id, user_name) values (32, 'Theressa');
insert into users (user_id, user_name) values (33, 'Tallia');
insert into users (user_id, user_name) values (34, 'Culley');
insert into users (user_id, user_name) values (35, 'Marnie');
insert into users (user_id, user_name) values (36, 'Penelopa');
insert into users (user_id, user_name) values (37, 'Odetta');
insert into users (user_id, user_name) values (38, 'Orly');
insert into users (user_id, user_name) values (39, 'Randie');
insert into users (user_id, user_name) values (40, 'Lilllie');
insert into users (user_id, user_name) values (41, 'Brewer');
insert into users (user_id, user_name) values (42, 'Killian');
insert into users (user_id, user_name) values (43, 'Tanney');
insert into users (user_id, user_name) values (44, 'Jacquenetta');
insert into users (user_id, user_name) values (45, 'Chrissie');
insert into users (user_id, user_name) values (46, 'Kandy');
insert into users (user_id, user_name) values (47, 'Maxim');
insert into users (user_id, user_name) values (48, 'Teodor');
insert into users (user_id, user_name) values (49, 'Matt');
insert into users (user_id, user_name) values (50, 'Chris');
insert into users (user_id, user_name) values (51, 'Ximenes');
insert into users (user_id, user_name) values (52, 'Cordy');
insert into users (user_id, user_name) values (53, 'Sibyl');
insert into users (user_id, user_name) values (54, 'Marwin');
insert into users (user_id, user_name) values (55, 'Yehudi');
insert into users (user_id, user_name) values (56, 'Kelly');
insert into users (user_id, user_name) values (57, 'Filippa');
insert into users (user_id, user_name) values (58, 'Elli');
insert into users (user_id, user_name) values (59, 'Arlina');
insert into users (user_id, user_name) values (60, 'Maury');
insert into users (user_id, user_name) values (61, 'Mischa');
insert into users (user_id, user_name) values (62, 'Betty');
insert into users (user_id, user_name) values (63, 'Matthieu');
insert into users (user_id, user_name) values (64, 'Lanny');
insert into users (user_id, user_name) values (65, 'Anne');
insert into users (user_id, user_name) values (66, 'Zuzana');
insert into users (user_id, user_name) values (67, 'Sarena');
insert into users (user_id, user_name) values (68, 'Kelly');
insert into users (user_id, user_name) values (69, 'Odie');
insert into users (user_id, user_name) values (70, 'Emelia');
insert into users (user_id, user_name) values (71, 'Jeth');
insert into users (user_id, user_name) values (72, 'Flossy');
insert into users (user_id, user_name) values (73, 'Jean');
insert into users (user_id, user_name) values (74, 'Fidelia');
insert into users (user_id, user_name) values (75, 'Rufe');
insert into users (user_id, user_name) values (76, 'Weidar');
insert into users (user_id, user_name) values (77, 'Adair');
insert into users (user_id, user_name) values (78, 'Ansell');
insert into users (user_id, user_name) values (79, 'Amberly');
insert into users (user_id, user_name) values (80, 'Cirstoforo');
insert into users (user_id, user_name) values (81, 'Alyson');
insert into users (user_id, user_name) values (82, 'Stacia');
insert into users (user_id, user_name) values (83, 'Jenifer');
insert into users (user_id, user_name) values (84, 'Ardyce');
insert into users (user_id, user_name) values (85, 'Dalis');
insert into users (user_id, user_name) values (86, 'Anthony');
insert into users (user_id, user_name) values (87, 'Jon');
insert into users (user_id, user_name) values (88, 'Pablo');
insert into users (user_id, user_name) values (89, 'Frederique');
insert into users (user_id, user_name) values (90, 'Ricca');
insert into users (user_id, user_name) values (91, 'Ara');
insert into users (user_id, user_name) values (92, 'Orsa');
insert into users (user_id, user_name) values (93, 'Lay');
insert into users (user_id, user_name) values (94, 'Jillene');
insert into users (user_id, user_name) values (95, 'Fredericka');
insert into users (user_id, user_name) values (96, 'Berti');
insert into users (user_id, user_name) values (97, 'Gelya');
insert into users (user_id, user_name) values (98, 'Koralle');
insert into users (user_id, user_name) values (99, 'Craig');
insert into users (user_id, user_name) values (100, 'Archaimbaud');
insert into users (user_id, user_name) values (101, 'Darcy');
insert into users (user_id, user_name) values (102, 'Ario');
insert into users (user_id, user_name) values (103, 'Bendix');
insert into users (user_id, user_name) values (104, 'Lola');
insert into users (user_id, user_name) values (105, 'Val');
insert into users (user_id, user_name) values (106, 'Neron');
insert into users (user_id, user_name) values (107, 'Jazmin');
insert into users (user_id, user_name) values (108, 'Kala');
insert into users (user_id, user_name) values (109, 'Katalin');
insert into users (user_id, user_name) values (110, 'Kenneth');
insert into users (user_id, user_name) values (111, 'Tabbi');
insert into users (user_id, user_name) values (112, 'Birgitta');
insert into users (user_id, user_name) values (113, 'Torey');
insert into users (user_id, user_name) values (114, 'Cornall');
insert into users (user_id, user_name) values (115, 'Jesselyn');
insert into users (user_id, user_name) values (116, 'Eda');
insert into users (user_id, user_name) values (117, 'Myranda');
insert into users (user_id, user_name) values (118, 'Riva');
insert into users (user_id, user_name) values (119, 'Yorgo');
insert into users (user_id, user_name) values (120, 'Spencer');
insert into users (user_id, user_name) values (121, 'Byrle');
insert into users (user_id, user_name) values (122, 'Ashlen');
insert into users (user_id, user_name) values (123, 'Simone');
insert into users (user_id, user_name) values (124, 'Chrysler');
insert into users (user_id, user_name) values (125, 'Garey');
insert into users (user_id, user_name) values (126, 'Deb');
insert into users (user_id, user_name) values (127, 'Rickard');
insert into users (user_id, user_name) values (128, 'Dorris');
insert into users (user_id, user_name) values (129, 'Ulysses');
insert into users (user_id, user_name) values (130, 'Blair');
insert into users (user_id, user_name) values (131, 'Katy');
insert into users (user_id, user_name) values (132, 'Venus');
insert into users (user_id, user_name) values (133, 'Ethelda');
insert into users (user_id, user_name) values (134, 'Whitaker');
insert into users (user_id, user_name) values (135, 'Andree');
insert into users (user_id, user_name) values (136, 'Ellerey');
insert into users (user_id, user_name) values (137, 'Bobine');
insert into users (user_id, user_name) values (138, 'Renaldo');
insert into users (user_id, user_name) values (139, 'Evangelina');
insert into users (user_id, user_name) values (140, 'Kennie');
insert into users (user_id, user_name) values (141, 'Malinde');
insert into users (user_id, user_name) values (142, 'Tristam');
insert into users (user_id, user_name) values (143, 'Jolyn');
insert into users (user_id, user_name) values (144, 'Lacie');
insert into users (user_id, user_name) values (145, 'Mirella');
insert into users (user_id, user_name) values (146, 'Caresse');
insert into users (user_id, user_name) values (147, 'Mozelle');
insert into users (user_id, user_name) values (148, 'Krystal');
insert into users (user_id, user_name) values (149, 'Felipa');
insert into users (user_id, user_name) values (150, 'Duncan');
insert into users (user_id, user_name) values (151, 'Keith');
insert into users (user_id, user_name) values (152, 'Richard');
insert into users (user_id, user_name) values (153, 'Abby');
insert into users (user_id, user_name) values (154, 'Verne');
insert into users (user_id, user_name) values (155, 'Sydney');
insert into users (user_id, user_name) values (156, 'Tiff');
insert into users (user_id, user_name) values (157, 'Cecilius');
insert into users (user_id, user_name) values (158, 'Consalve');
insert into users (user_id, user_name) values (159, 'Kain');
insert into users (user_id, user_name) values (160, 'Deedee');
insert into users (user_id, user_name) values (161, 'Ryon');
insert into users (user_id, user_name) values (162, 'Violet');
insert into users (user_id, user_name) values (163, 'Hersh');
insert into users (user_id, user_name) values (164, 'Izak');
insert into users (user_id, user_name) values (165, 'Webster');
insert into users (user_id, user_name) values (166, 'Adelle');
insert into users (user_id, user_name) values (167, 'Marian');
insert into users (user_id, user_name) values (168, 'Karlene');
insert into users (user_id, user_name) values (169, 'Donica');
insert into users (user_id, user_name) values (170, 'Bibbie');
insert into users (user_id, user_name) values (171, 'Kalli');
insert into users (user_id, user_name) values (172, 'Rachele');
insert into users (user_id, user_name) values (173, 'Jaquith');
insert into users (user_id, user_name) values (174, 'Abbot');
insert into users (user_id, user_name) values (175, 'Orv');
insert into users (user_id, user_name) values (176, 'Myriam');
insert into users (user_id, user_name) values (177, 'Eugenius');
insert into users (user_id, user_name) values (178, 'Fleming');
insert into users (user_id, user_name) values (179, 'Warde');
insert into users (user_id, user_name) values (180, 'Terrye');
insert into users (user_id, user_name) values (181, 'Lemmy');
insert into users (user_id, user_name) values (182, 'Wenona');
insert into users (user_id, user_name) values (183, 'Callida');
insert into users (user_id, user_name) values (184, 'Spike');
insert into users (user_id, user_name) values (185, 'Denys');
insert into users (user_id, user_name) values (186, 'Alden');
insert into users (user_id, user_name) values (187, 'Abbi');
insert into users (user_id, user_name) values (188, 'Katina');
insert into users (user_id, user_name) values (189, 'Krystyna');
insert into users (user_id, user_name) values (190, 'Lu');
insert into users (user_id, user_name) values (191, 'Nickey');
insert into users (user_id, user_name) values (192, 'Eddi');
insert into users (user_id, user_name) values (193, 'Blinnie');
insert into users (user_id, user_name) values (194, 'Agathe');
insert into users (user_id, user_name) values (195, 'Ruprecht');
insert into users (user_id, user_name) values (196, 'Levey');
insert into users (user_id, user_name) values (197, 'Veriee');
insert into users (user_id, user_name) values (198, 'Cal');
insert into users (user_id, user_name) values (199, 'Fernandina');
insert into users (user_id, user_name) values (200, 'Leshia');
insert into users (user_id, user_name) values (201, 'Nichol');
insert into users (user_id, user_name) values (202, 'Hedvige');
insert into users (user_id, user_name) values (203, 'Ebony');
insert into users (user_id, user_name) values (204, 'Ardelia');
insert into users (user_id, user_name) values (205, 'Ingaberg');
insert into users (user_id, user_name) values (206, 'Josie');
insert into users (user_id, user_name) values (207, 'Kitti');
insert into users (user_id, user_name) values (208, 'Rebekah');
insert into users (user_id, user_name) values (209, 'Dugald');
insert into users (user_id, user_name) values (210, 'Whitaker');
insert into users (user_id, user_name) values (211, 'Adelina');
insert into users (user_id, user_name) values (212, 'Selle');
insert into users (user_id, user_name) values (213, 'Joshua');
insert into users (user_id, user_name) values (214, 'Noreen');
insert into users (user_id, user_name) values (215, 'Launce');
insert into users (user_id, user_name) values (216, 'Elianore');
insert into users (user_id, user_name) values (217, 'Audy');
insert into users (user_id, user_name) values (218, 'Coleman');
insert into users (user_id, user_name) values (219, 'Gun');
insert into users (user_id, user_name) values (220, 'Daryn');
insert into users (user_id, user_name) values (221, 'Enrique');
insert into users (user_id, user_name) values (222, 'Jeanna');
insert into users (user_id, user_name) values (223, 'Colas');
insert into users (user_id, user_name) values (224, 'Brandy');
insert into users (user_id, user_name) values (225, 'Arther');
insert into users (user_id, user_name) values (226, 'Cammy');
insert into users (user_id, user_name) values (227, 'Jemimah');
insert into users (user_id, user_name) values (228, 'Alecia');
insert into users (user_id, user_name) values (229, 'Eleni');
insert into users (user_id, user_name) values (230, 'Marlo');
insert into users (user_id, user_name) values (231, 'Ede');
insert into users (user_id, user_name) values (232, 'Carol');
insert into users (user_id, user_name) values (233, 'Elise');
insert into users (user_id, user_name) values (234, 'Corrinne');
insert into users (user_id, user_name) values (235, 'Eddie');
insert into users (user_id, user_name) values (236, 'Kendrick');
insert into users (user_id, user_name) values (237, 'Rick');
insert into users (user_id, user_name) values (238, 'Torrin');
insert into users (user_id, user_name) values (239, 'Devin');
insert into users (user_id, user_name) values (240, 'Linzy');
insert into users (user_id, user_name) values (241, 'Carl');
insert into users (user_id, user_name) values (242, 'Nickey');
insert into users (user_id, user_name) values (243, 'Lanae');
insert into users (user_id, user_name) values (244, 'Lilith');
insert into users (user_id, user_name) values (245, 'Alexina');
insert into users (user_id, user_name) values (246, 'Tobin');
insert into users (user_id, user_name) values (247, 'Cathy');
insert into users (user_id, user_name) values (248, 'Paulette');
insert into users (user_id, user_name) values (249, 'Powell');
insert into users (user_id, user_name) values (250, 'Stefano');
insert into users (user_id, user_name) values (251, 'Thorsten');
insert into users (user_id, user_name) values (252, 'Karil');
insert into users (user_id, user_name) values (253, 'Hannah');
insert into users (user_id, user_name) values (254, 'Jaimie');
insert into users (user_id, user_name) values (255, 'Chen');
insert into users (user_id, user_name) values (256, 'Gilburt');
insert into users (user_id, user_name) values (257, 'Amalie');
insert into users (user_id, user_name) values (258, 'Tressa');
insert into users (user_id, user_name) values (259, 'Ilysa');
insert into users (user_id, user_name) values (260, 'Hillier');
insert into users (user_id, user_name) values (261, 'Herbie');
insert into users (user_id, user_name) values (262, 'Lesya');
insert into users (user_id, user_name) values (263, 'Bendicty');
insert into users (user_id, user_name) values (264, 'Ladonna');
insert into users (user_id, user_name) values (265, 'Melita');
insert into users (user_id, user_name) values (266, 'Johanna');
insert into users (user_id, user_name) values (267, 'Aluin');
insert into users (user_id, user_name) values (268, 'Melva');
insert into users (user_id, user_name) values (269, 'Jeffy');
insert into users (user_id, user_name) values (270, 'Elbertina');
insert into users (user_id, user_name) values (271, 'Ugo');
insert into users (user_id, user_name) values (272, 'Grantley');
insert into users (user_id, user_name) values (273, 'Willabella');
insert into users (user_id, user_name) values (274, 'Bernadene');
insert into users (user_id, user_name) values (275, 'Monika');
insert into users (user_id, user_name) values (276, 'Bond');
insert into users (user_id, user_name) values (277, 'Gonzales');
insert into users (user_id, user_name) values (278, 'Kienan');
insert into users (user_id, user_name) values (279, 'Pincus');
insert into users (user_id, user_name) values (280, 'Webster');
insert into users (user_id, user_name) values (281, 'Margarita');
insert into users (user_id, user_name) values (282, 'Shayla');
insert into users (user_id, user_name) values (283, 'Arabel');
insert into users (user_id, user_name) values (284, 'Bambie');
insert into users (user_id, user_name) values (285, 'Garret');
insert into users (user_id, user_name) values (286, 'Hunfredo');
insert into users (user_id, user_name) values (287, 'Ezra');
insert into users (user_id, user_name) values (288, 'Janela');
insert into users (user_id, user_name) values (289, 'Giacomo');
insert into users (user_id, user_name) values (290, 'Valentine');
insert into users (user_id, user_name) values (291, 'Maurie');
insert into users (user_id, user_name) values (292, 'Brockie');
insert into users (user_id, user_name) values (293, 'Sergio');
insert into users (user_id, user_name) values (294, 'Berthe');
insert into users (user_id, user_name) values (295, 'Sherye');
insert into users (user_id, user_name) values (296, 'Skippy');
insert into users (user_id, user_name) values (297, 'Shae');
insert into users (user_id, user_name) values (298, 'Corby');
insert into users (user_id, user_name) values (299, 'Jonell');
insert into users (user_id, user_name) values (300, 'Meaghan');
insert into users (user_id, user_name) values (301, 'Simeon');
insert into users (user_id, user_name) values (302, 'Trev');
insert into users (user_id, user_name) values (303, 'Jemmy');
insert into users (user_id, user_name) values (304, 'Lizbeth');
insert into users (user_id, user_name) values (305, 'Farrah');
insert into users (user_id, user_name) values (306, 'Odella');
insert into users (user_id, user_name) values (307, 'Nolly');
insert into users (user_id, user_name) values (308, 'Celestine');
insert into users (user_id, user_name) values (309, 'Odo');
insert into users (user_id, user_name) values (310, 'Donella');
insert into users (user_id, user_name) values (311, 'Sisile');
insert into users (user_id, user_name) values (312, 'Packston');
insert into users (user_id, user_name) values (313, 'Cymbre');
insert into users (user_id, user_name) values (314, 'Starlin');
insert into users (user_id, user_name) values (315, 'Hermione');
insert into users (user_id, user_name) values (316, 'Nariko');
insert into users (user_id, user_name) values (317, 'Tallie');
insert into users (user_id, user_name) values (318, 'Saree');
insert into users (user_id, user_name) values (319, 'Gualterio');
insert into users (user_id, user_name) values (320, 'Max');
insert into users (user_id, user_name) values (321, 'Angie');
insert into users (user_id, user_name) values (322, 'Art');
insert into users (user_id, user_name) values (323, 'Chanda');
insert into users (user_id, user_name) values (324, 'Wendall');
insert into users (user_id, user_name) values (325, 'Jenifer');
insert into users (user_id, user_name) values (326, 'Trenton');
insert into users (user_id, user_name) values (327, 'Radcliffe');
insert into users (user_id, user_name) values (328, 'Orelia');
insert into users (user_id, user_name) values (329, 'Fawnia');
insert into users (user_id, user_name) values (330, 'Lacey');
insert into users (user_id, user_name) values (331, 'Ayn');
insert into users (user_id, user_name) values (332, 'Fayth');
insert into users (user_id, user_name) values (333, 'Kelsey');
insert into users (user_id, user_name) values (334, 'Jillie');
insert into users (user_id, user_name) values (335, 'Mollee');
insert into users (user_id, user_name) values (336, 'Bette');
insert into users (user_id, user_name) values (337, 'Lida');
insert into users (user_id, user_name) values (338, 'Tremaine');
insert into users (user_id, user_name) values (339, 'Nedi');
insert into users (user_id, user_name) values (340, 'Darrin');
insert into users (user_id, user_name) values (341, 'Gordan');
insert into users (user_id, user_name) values (342, 'Deerdre');
insert into users (user_id, user_name) values (343, 'Tommie');
insert into users (user_id, user_name) values (344, 'Lusa');
insert into users (user_id, user_name) values (345, 'Wendie');
insert into users (user_id, user_name) values (346, 'Felipe');
insert into users (user_id, user_name) values (347, 'Evangelin');
insert into users (user_id, user_name) values (348, 'Derry');
insert into users (user_id, user_name) values (349, 'Pip');
insert into users (user_id, user_name) values (350, 'Catherin');
insert into users (user_id, user_name) values (351, 'Herman');
insert into users (user_id, user_name) values (352, 'Toinette');
insert into users (user_id, user_name) values (353, 'Merrel');
insert into users (user_id, user_name) values (354, 'Lynnette');
insert into users (user_id, user_name) values (355, 'Pascal');
insert into users (user_id, user_name) values (356, 'Sandye');
insert into users (user_id, user_name) values (357, 'Nady');
insert into users (user_id, user_name) values (358, 'Amata');
insert into users (user_id, user_name) values (359, 'Jacobo');
insert into users (user_id, user_name) values (360, 'Ira');
insert into users (user_id, user_name) values (361, 'Hastings');
insert into users (user_id, user_name) values (362, 'Filia');
insert into users (user_id, user_name) values (363, 'Ellette');
insert into users (user_id, user_name) values (364, 'Parrnell');
insert into users (user_id, user_name) values (365, 'Jacquenetta');
insert into users (user_id, user_name) values (366, 'Joanne');
insert into users (user_id, user_name) values (367, 'Gus');
insert into users (user_id, user_name) values (368, 'Jojo');
insert into users (user_id, user_name) values (369, 'Pennie');
insert into users (user_id, user_name) values (370, 'Maryjo');
insert into users (user_id, user_name) values (371, 'Desiree');
insert into users (user_id, user_name) values (372, 'Nissa');
insert into users (user_id, user_name) values (373, 'Nolly');
insert into users (user_id, user_name) values (374, 'Edy');
insert into users (user_id, user_name) values (375, 'Kimbell');
insert into users (user_id, user_name) values (376, 'Ram');
insert into users (user_id, user_name) values (377, 'Wendy');
insert into users (user_id, user_name) values (378, 'Muriel');
insert into users (user_id, user_name) values (379, 'Mallory');
insert into users (user_id, user_name) values (380, 'Roberto');
insert into users (user_id, user_name) values (381, 'Josselyn');
insert into users (user_id, user_name) values (382, 'Zorina');
insert into users (user_id, user_name) values (383, 'Phip');
insert into users (user_id, user_name) values (384, 'Barbabas');
insert into users (user_id, user_name) values (385, 'Brucie');
insert into users (user_id, user_name) values (386, 'Dani');
insert into users (user_id, user_name) values (387, 'Peyton');
insert into users (user_id, user_name) values (388, 'Laurene');
insert into users (user_id, user_name) values (389, 'Benjy');
insert into users (user_id, user_name) values (390, 'Gabbi');
insert into users (user_id, user_name) values (391, 'Veronica');
insert into users (user_id, user_name) values (392, 'Quinn');
insert into users (user_id, user_name) values (393, 'Kinnie');
insert into users (user_id, user_name) values (394, 'Aimil');
insert into users (user_id, user_name) values (395, 'Bertrand');
insert into users (user_id, user_name) values (396, 'Keri');
insert into users (user_id, user_name) values (397, 'Indira');
insert into users (user_id, user_name) values (398, 'Nadya');
insert into users (user_id, user_name) values (399, 'Bianka');
insert into users (user_id, user_name) values (400, 'Laryssa');
insert into users (user_id, user_name) values (401, 'Meriel');
insert into users (user_id, user_name) values (402, 'Tatiana');
insert into users (user_id, user_name) values (403, 'Aaron');
insert into users (user_id, user_name) values (404, 'Suellen');
insert into users (user_id, user_name) values (405, 'Tanny');
insert into users (user_id, user_name) values (406, 'Gasper');
insert into users (user_id, user_name) values (407, 'Verne');
insert into users (user_id, user_name) values (408, 'Marys');
insert into users (user_id, user_name) values (409, 'Sophi');
insert into users (user_id, user_name) values (410, 'Roana');
insert into users (user_id, user_name) values (411, 'Sloan');
insert into users (user_id, user_name) values (412, 'Rebbecca');
insert into users (user_id, user_name) values (413, 'Leone');
insert into users (user_id, user_name) values (414, 'Tabbi');
insert into users (user_id, user_name) values (415, 'Kassia');
insert into users (user_id, user_name) values (416, 'Allegra');
insert into users (user_id, user_name) values (417, 'Milty');
insert into users (user_id, user_name) values (418, 'Nickie');
insert into users (user_id, user_name) values (419, 'Curcio');
insert into users (user_id, user_name) values (420, 'Naoma');
insert into users (user_id, user_name) values (421, 'Shelton');
insert into users (user_id, user_name) values (422, 'Prudence');
insert into users (user_id, user_name) values (423, 'Elianore');
insert into users (user_id, user_name) values (424, 'Fredia');
insert into users (user_id, user_name) values (425, 'Janeczka');
insert into users (user_id, user_name) values (426, 'Maxim');
insert into users (user_id, user_name) values (427, 'Griz');
insert into users (user_id, user_name) values (428, 'Parnell');
insert into users (user_id, user_name) values (429, 'Delbert');
insert into users (user_id, user_name) values (430, 'Annetta');
insert into users (user_id, user_name) values (431, 'Moyra');
insert into users (user_id, user_name) values (432, 'Daron');
insert into users (user_id, user_name) values (433, 'Arni');
insert into users (user_id, user_name) values (434, 'Berta');
insert into users (user_id, user_name) values (435, 'Nicholas');
insert into users (user_id, user_name) values (436, 'Deirdre');
insert into users (user_id, user_name) values (437, 'Berkie');
insert into users (user_id, user_name) values (438, 'Teriann');
insert into users (user_id, user_name) values (439, 'Linea');
insert into users (user_id, user_name) values (440, 'Anatole');
insert into users (user_id, user_name) values (441, 'Jakie');
insert into users (user_id, user_name) values (442, 'Enos');
insert into users (user_id, user_name) values (443, 'Mair');
insert into users (user_id, user_name) values (444, 'Allyce');
insert into users (user_id, user_name) values (445, 'Storm');
insert into users (user_id, user_name) values (446, 'Shannah');
insert into users (user_id, user_name) values (447, 'Gus');
insert into users (user_id, user_name) values (448, 'Granger');
insert into users (user_id, user_name) values (449, 'Gordie');
insert into users (user_id, user_name) values (450, 'Nealson');
insert into users (user_id, user_name) values (451, 'Monica');
insert into users (user_id, user_name) values (452, 'Felike');
insert into users (user_id, user_name) values (453, 'Doria');
insert into users (user_id, user_name) values (454, 'Joye');
insert into users (user_id, user_name) values (455, 'Steffen');
insert into users (user_id, user_name) values (456, 'Dinny');
insert into users (user_id, user_name) values (457, 'Madelle');
insert into users (user_id, user_name) values (458, 'Starlene');
insert into users (user_id, user_name) values (459, 'Clywd');
insert into users (user_id, user_name) values (460, 'Karlene');
insert into users (user_id, user_name) values (461, 'Hortensia');
insert into users (user_id, user_name) values (462, 'Dorita');
insert into users (user_id, user_name) values (463, 'Rosalyn');
insert into users (user_id, user_name) values (464, 'Candy');
insert into users (user_id, user_name) values (465, 'Jillene');
insert into users (user_id, user_name) values (466, 'Vida');
insert into users (user_id, user_name) values (467, 'Willie');
insert into users (user_id, user_name) values (468, 'Eran');
insert into users (user_id, user_name) values (469, 'Freeland');
insert into users (user_id, user_name) values (470, 'Noni');
insert into users (user_id, user_name) values (471, 'Dita');
insert into users (user_id, user_name) values (472, 'Melva');
insert into users (user_id, user_name) values (473, 'Elmer');
insert into users (user_id, user_name) values (474, 'Skippy');
insert into users (user_id, user_name) values (475, 'Alysa');
insert into users (user_id, user_name) values (476, 'Valene');
insert into users (user_id, user_name) values (477, 'Lotte');
insert into users (user_id, user_name) values (478, 'Madalyn');
insert into users (user_id, user_name) values (479, 'Zed');
insert into users (user_id, user_name) values (480, 'Gilbertine');
insert into users (user_id, user_name) values (481, 'Adams');
insert into users (user_id, user_name) values (482, 'Reynard');
insert into users (user_id, user_name) values (483, 'Winny');
insert into users (user_id, user_name) values (484, 'Thia');
insert into users (user_id, user_name) values (485, 'Engracia');
insert into users (user_id, user_name) values (486, 'Jasmina');
insert into users (user_id, user_name) values (487, 'Kerry');
insert into users (user_id, user_name) values (488, 'Clara');
insert into users (user_id, user_name) values (489, 'Zarah');
insert into users (user_id, user_name) values (490, 'Harrietta');
insert into users (user_id, user_name) values (491, 'Florance');
insert into users (user_id, user_name) values (492, 'Addia');
insert into users (user_id, user_name) values (493, 'Maighdiln');
insert into users (user_id, user_name) values (494, 'Leigha');
insert into users (user_id, user_name) values (495, 'Caritta');
insert into users (user_id, user_name) values (496, 'Marve');
insert into users (user_id, user_name) values (497, 'Buckie');
insert into users (user_id, user_name) values (498, 'Cara');
insert into users (user_id, user_name) values (499, 'Monah');
insert into users (user_id, user_name) values (500, 'Friedrich');
insert into users (user_id, user_name) values (501, 'Ely');
insert into users (user_id, user_name) values (502, 'Jaimie');
insert into users (user_id, user_name) values (503, 'Jean');
insert into users (user_id, user_name) values (504, 'Mallory');
insert into users (user_id, user_name) values (505, 'Richard');
insert into users (user_id, user_name) values (506, 'Franciska');
insert into users (user_id, user_name) values (507, 'Finlay');
insert into users (user_id, user_name) values (508, 'Don');
insert into users (user_id, user_name) values (509, 'Shawn');
insert into users (user_id, user_name) values (510, 'Carlie');
insert into users (user_id, user_name) values (511, 'Lisha');
insert into users (user_id, user_name) values (512, 'Ulric');
insert into users (user_id, user_name) values (513, 'Chrissie');
insert into users (user_id, user_name) values (514, 'Noelle');
insert into users (user_id, user_name) values (515, 'Romona');
insert into users (user_id, user_name) values (516, 'Smitty');
insert into users (user_id, user_name) values (517, 'Krissy');
insert into users (user_id, user_name) values (518, 'Bailey');
insert into users (user_id, user_name) values (519, 'Kiah');
insert into users (user_id, user_name) values (520, 'Spenser');
insert into users (user_id, user_name) values (521, 'Juana');
insert into users (user_id, user_name) values (522, 'Conrade');
insert into users (user_id, user_name) values (523, 'Rayna');
insert into users (user_id, user_name) values (524, 'Agata');
insert into users (user_id, user_name) values (525, 'Gratiana');
insert into users (user_id, user_name) values (526, 'Inessa');
insert into users (user_id, user_name) values (527, 'Alyson');
insert into users (user_id, user_name) values (528, 'Ann-marie');
insert into users (user_id, user_name) values (529, 'Rori');
insert into users (user_id, user_name) values (530, 'Paule');
insert into users (user_id, user_name) values (531, 'Koo');
insert into users (user_id, user_name) values (532, 'Mauricio');
insert into users (user_id, user_name) values (533, 'Christy');
insert into users (user_id, user_name) values (534, 'Jessamyn');
insert into users (user_id, user_name) values (535, 'Joelie');
insert into users (user_id, user_name) values (536, 'Giacomo');
insert into users (user_id, user_name) values (537, 'Aharon');
insert into users (user_id, user_name) values (538, 'Gabie');
insert into users (user_id, user_name) values (539, 'Carin');
insert into users (user_id, user_name) values (540, 'Joelle');
insert into users (user_id, user_name) values (541, 'Lesli');
insert into users (user_id, user_name) values (542, 'Dacia');
insert into users (user_id, user_name) values (543, 'Rosemaria');
insert into users (user_id, user_name) values (544, 'Martie');
insert into users (user_id, user_name) values (545, 'Noach');
insert into users (user_id, user_name) values (546, 'Sterne');
insert into users (user_id, user_name) values (547, 'Bruis');
insert into users (user_id, user_name) values (548, 'Brander');
insert into users (user_id, user_name) values (549, 'Rafaela');
insert into users (user_id, user_name) values (550, 'Gavan');
insert into users (user_id, user_name) values (551, 'Rudie');
insert into users (user_id, user_name) values (552, 'Peirce');
insert into users (user_id, user_name) values (553, 'Ganny');
insert into users (user_id, user_name) values (554, 'Anya');
insert into users (user_id, user_name) values (555, 'Nerty');
insert into users (user_id, user_name) values (556, 'Gustavus');
insert into users (user_id, user_name) values (557, 'Austina');
insert into users (user_id, user_name) values (558, 'Vivyan');
insert into users (user_id, user_name) values (559, 'Bryanty');
insert into users (user_id, user_name) values (560, 'Dudley');
insert into users (user_id, user_name) values (561, 'Tate');
insert into users (user_id, user_name) values (562, 'Sansone');
insert into users (user_id, user_name) values (563, 'Gregoire');
insert into users (user_id, user_name) values (564, 'Quintana');
insert into users (user_id, user_name) values (565, 'Tatum');
insert into users (user_id, user_name) values (566, 'Faustina');
insert into users (user_id, user_name) values (567, 'Terrell');
insert into users (user_id, user_name) values (568, 'Wyndham');
insert into users (user_id, user_name) values (569, 'Leila');
insert into users (user_id, user_name) values (570, 'Chandra');
insert into users (user_id, user_name) values (571, 'Jdavie');
insert into users (user_id, user_name) values (572, 'Calley');
insert into users (user_id, user_name) values (573, 'Maighdiln');
insert into users (user_id, user_name) values (574, 'Pearle');
insert into users (user_id, user_name) values (575, 'Betsey');
insert into users (user_id, user_name) values (576, 'Dannie');
insert into users (user_id, user_name) values (577, 'Sebastien');
insert into users (user_id, user_name) values (578, 'Tome');
insert into users (user_id, user_name) values (579, 'Artus');
insert into users (user_id, user_name) values (580, 'Lolly');
insert into users (user_id, user_name) values (581, 'Erwin');
insert into users (user_id, user_name) values (582, 'Claudelle');
insert into users (user_id, user_name) values (583, 'Goldina');
insert into users (user_id, user_name) values (584, 'Shurlock');
insert into users (user_id, user_name) values (585, 'Candy');
insert into users (user_id, user_name) values (586, 'Hershel');
insert into users (user_id, user_name) values (587, 'Julissa');
insert into users (user_id, user_name) values (588, 'Laughton');
insert into users (user_id, user_name) values (589, 'Alain');
insert into users (user_id, user_name) values (590, 'Olympie');
insert into users (user_id, user_name) values (591, 'Kirbee');
insert into users (user_id, user_name) values (592, 'Harold');
insert into users (user_id, user_name) values (593, 'Casandra');
insert into users (user_id, user_name) values (594, 'Jerry');
insert into users (user_id, user_name) values (595, 'Wynn');
insert into users (user_id, user_name) values (596, 'Tye');
insert into users (user_id, user_name) values (597, 'Valle');
insert into users (user_id, user_name) values (598, 'Neila');
insert into users (user_id, user_name) values (599, 'Jory');
insert into users (user_id, user_name) values (600, 'Rikki');
insert into users (user_id, user_name) values (601, 'Georgeta');
insert into users (user_id, user_name) values (602, 'Benedikt');
insert into users (user_id, user_name) values (603, 'Gladys');
insert into users (user_id, user_name) values (604, 'Nickolas');
insert into users (user_id, user_name) values (605, 'Cheri');
insert into users (user_id, user_name) values (606, 'Joshuah');
insert into users (user_id, user_name) values (607, 'Adelind');
insert into users (user_id, user_name) values (608, 'Lothario');
insert into users (user_id, user_name) values (609, 'Sherm');
insert into users (user_id, user_name) values (610, 'Delia');
insert into users (user_id, user_name) values (611, 'Mikkel');
insert into users (user_id, user_name) values (612, 'Darby');
insert into users (user_id, user_name) values (613, 'Antonio');
insert into users (user_id, user_name) values (614, 'Thor');
insert into users (user_id, user_name) values (615, 'Mario');
insert into users (user_id, user_name) values (616, 'Alford');
insert into users (user_id, user_name) values (617, 'Loree');
insert into users (user_id, user_name) values (618, 'Elsworth');
insert into users (user_id, user_name) values (619, 'Rhoda');
insert into users (user_id, user_name) values (620, 'Humfried');
insert into users (user_id, user_name) values (621, 'Ricard');
insert into users (user_id, user_name) values (622, 'Conant');
insert into users (user_id, user_name) values (623, 'Jodi');
insert into users (user_id, user_name) values (624, 'Nissy');
insert into users (user_id, user_name) values (625, 'Sibyl');
insert into users (user_id, user_name) values (626, 'Grete');
insert into users (user_id, user_name) values (627, 'Dalia');
insert into users (user_id, user_name) values (628, 'Lucina');
insert into users (user_id, user_name) values (629, 'Willi');
insert into users (user_id, user_name) values (630, 'Leodora');
insert into users (user_id, user_name) values (631, 'Marnie');
insert into users (user_id, user_name) values (632, 'Gwyn');
insert into users (user_id, user_name) values (633, 'Cami');
insert into users (user_id, user_name) values (634, 'Claretta');
insert into users (user_id, user_name) values (635, 'Major');
insert into users (user_id, user_name) values (636, 'Trevar');
insert into users (user_id, user_name) values (637, 'Georgetta');
insert into users (user_id, user_name) values (638, 'Laurie');
insert into users (user_id, user_name) values (639, 'Patrick');
insert into users (user_id, user_name) values (640, 'Alexander');
insert into users (user_id, user_name) values (641, 'Michel');
insert into users (user_id, user_name) values (642, 'Glenn');
insert into users (user_id, user_name) values (643, 'Torey');
insert into users (user_id, user_name) values (644, 'Lotta');
insert into users (user_id, user_name) values (645, 'Marika');
insert into users (user_id, user_name) values (646, 'Papagena');
insert into users (user_id, user_name) values (647, 'Rob');
insert into users (user_id, user_name) values (648, 'Farrel');
insert into users (user_id, user_name) values (649, 'Roman');
insert into users (user_id, user_name) values (650, 'Christian');
insert into users (user_id, user_name) values (651, 'Seka');
insert into users (user_id, user_name) values (652, 'Juditha');
insert into users (user_id, user_name) values (653, 'Nonnah');
insert into users (user_id, user_name) values (654, 'Natalina');
insert into users (user_id, user_name) values (655, 'Paule');
insert into users (user_id, user_name) values (656, 'Gaylord');
insert into users (user_id, user_name) values (657, 'Olly');
insert into users (user_id, user_name) values (658, 'Breena');
insert into users (user_id, user_name) values (659, 'Rusty');
insert into users (user_id, user_name) values (660, 'Biddie');
insert into users (user_id, user_name) values (661, 'Jodie');
insert into users (user_id, user_name) values (662, 'Brynn');
insert into users (user_id, user_name) values (663, 'Jaimie');
insert into users (user_id, user_name) values (664, 'Melloney');
insert into users (user_id, user_name) values (665, 'Jemima');
insert into users (user_id, user_name) values (666, 'Jaclyn');
insert into users (user_id, user_name) values (667, 'Avril');
insert into users (user_id, user_name) values (668, 'Wileen');
insert into users (user_id, user_name) values (669, 'Oralee');
insert into users (user_id, user_name) values (670, 'Wayne');
insert into users (user_id, user_name) values (671, 'Chandler');
insert into users (user_id, user_name) values (672, 'Golda');
insert into users (user_id, user_name) values (673, 'Hilde');
insert into users (user_id, user_name) values (674, 'Garnette');
insert into users (user_id, user_name) values (675, 'Melva');
insert into users (user_id, user_name) values (676, 'Elisha');
insert into users (user_id, user_name) values (677, 'Derick');
insert into users (user_id, user_name) values (678, 'Tiphanie');
insert into users (user_id, user_name) values (679, 'Jarvis');
insert into users (user_id, user_name) values (680, 'Fulvia');
insert into users (user_id, user_name) values (681, 'Yorke');
insert into users (user_id, user_name) values (682, 'Ileane');
insert into users (user_id, user_name) values (683, 'Hanni');
insert into users (user_id, user_name) values (684, 'Orbadiah');
insert into users (user_id, user_name) values (685, 'Allan');
insert into users (user_id, user_name) values (686, 'Valina');
insert into users (user_id, user_name) values (687, 'Cyrille');
insert into users (user_id, user_name) values (688, 'Kahaleel');
insert into users (user_id, user_name) values (689, 'Milli');
insert into users (user_id, user_name) values (690, 'Berni');
insert into users (user_id, user_name) values (691, 'Enrique');
insert into users (user_id, user_name) values (692, 'Kaleena');
insert into users (user_id, user_name) values (693, 'Bria');
insert into users (user_id, user_name) values (694, 'Goddard');
insert into users (user_id, user_name) values (695, 'Kristyn');
insert into users (user_id, user_name) values (696, 'Billi');
insert into users (user_id, user_name) values (697, 'Cora');
insert into users (user_id, user_name) values (698, 'Daron');
insert into users (user_id, user_name) values (699, 'Lorie');
insert into users (user_id, user_name) values (700, 'Mariellen');
insert into users (user_id, user_name) values (701, 'Mag');
insert into users (user_id, user_name) values (702, 'Vail');
insert into users (user_id, user_name) values (703, 'Damien');
insert into users (user_id, user_name) values (704, 'Reba');
insert into users (user_id, user_name) values (705, 'Noell');
insert into users (user_id, user_name) values (706, 'Munmro');
insert into users (user_id, user_name) values (707, 'Gwenni');
insert into users (user_id, user_name) values (708, 'Erina');
insert into users (user_id, user_name) values (709, 'Samuel');
insert into users (user_id, user_name) values (710, 'Aviva');
insert into users (user_id, user_name) values (711, 'Peg');
insert into users (user_id, user_name) values (712, 'David');
insert into users (user_id, user_name) values (713, 'Ivy');
insert into users (user_id, user_name) values (714, 'Harrison');
insert into users (user_id, user_name) values (715, 'Silvester');
insert into users (user_id, user_name) values (716, 'Gabby');
insert into users (user_id, user_name) values (717, 'Alexi');
insert into users (user_id, user_name) values (718, 'Cletis');
insert into users (user_id, user_name) values (719, 'Liesa');
insert into users (user_id, user_name) values (720, 'Astrix');
insert into users (user_id, user_name) values (721, 'Euphemia');
insert into users (user_id, user_name) values (722, 'Frannie');
insert into users (user_id, user_name) values (723, 'Damien');
insert into users (user_id, user_name) values (724, 'Cammi');
insert into users (user_id, user_name) values (725, 'Spike');
insert into users (user_id, user_name) values (726, 'Leshia');
insert into users (user_id, user_name) values (727, 'Frederique');
insert into users (user_id, user_name) values (728, 'Demetrius');
insert into users (user_id, user_name) values (729, 'Jephthah');
insert into users (user_id, user_name) values (730, 'Mahmud');
insert into users (user_id, user_name) values (731, 'Philippe');
insert into users (user_id, user_name) values (732, 'Hamish');
insert into users (user_id, user_name) values (733, 'Lisbeth');
insert into users (user_id, user_name) values (734, 'Giffard');
insert into users (user_id, user_name) values (735, 'Salomo');
insert into users (user_id, user_name) values (736, 'Selby');
insert into users (user_id, user_name) values (737, 'Dannie');
insert into users (user_id, user_name) values (738, 'Lynnett');
insert into users (user_id, user_name) values (739, 'Dusty');
insert into users (user_id, user_name) values (740, 'Inez');
insert into users (user_id, user_name) values (741, 'Siouxie');
insert into users (user_id, user_name) values (742, 'Tillie');
insert into users (user_id, user_name) values (743, 'Avrom');
insert into users (user_id, user_name) values (744, 'Elly');
insert into users (user_id, user_name) values (745, 'Justinian');
insert into users (user_id, user_name) values (746, 'Renault');
insert into users (user_id, user_name) values (747, 'Murielle');
insert into users (user_id, user_name) values (748, 'Conan');
insert into users (user_id, user_name) values (749, 'Odelia');
insert into users (user_id, user_name) values (750, 'Magdaia');
insert into users (user_id, user_name) values (751, 'Obadiah');
insert into users (user_id, user_name) values (752, 'Birk');
insert into users (user_id, user_name) values (753, 'Elvera');
insert into users (user_id, user_name) values (754, 'Raphaela');
insert into users (user_id, user_name) values (755, 'Jeremie');
insert into users (user_id, user_name) values (756, 'Anselma');
insert into users (user_id, user_name) values (757, 'Sonnie');
insert into users (user_id, user_name) values (758, 'Nananne');
insert into users (user_id, user_name) values (759, 'Dena');
insert into users (user_id, user_name) values (760, 'Leda');
insert into users (user_id, user_name) values (761, 'Frasquito');
insert into users (user_id, user_name) values (762, 'Othilia');
insert into users (user_id, user_name) values (763, 'Charlotte');
insert into users (user_id, user_name) values (764, 'Sabra');
insert into users (user_id, user_name) values (765, 'Dore');
insert into users (user_id, user_name) values (766, 'Kimberlee');
insert into users (user_id, user_name) values (767, 'Linda');
insert into users (user_id, user_name) values (768, 'Bennie');
insert into users (user_id, user_name) values (769, 'Stephan');
insert into users (user_id, user_name) values (770, 'Kendal');
insert into users (user_id, user_name) values (771, 'Dorine');
insert into users (user_id, user_name) values (772, 'Remy');
insert into users (user_id, user_name) values (773, 'Alecia');
insert into users (user_id, user_name) values (774, 'Laina');
insert into users (user_id, user_name) values (775, 'Bernadene');
insert into users (user_id, user_name) values (776, 'Philippine');
insert into users (user_id, user_name) values (777, 'Koralle');
insert into users (user_id, user_name) values (778, 'Pietra');
insert into users (user_id, user_name) values (779, 'Weider');
insert into users (user_id, user_name) values (780, 'Kailey');
insert into users (user_id, user_name) values (781, 'Rebe');
insert into users (user_id, user_name) values (782, 'Melissa');
insert into users (user_id, user_name) values (783, 'Adlai');
insert into users (user_id, user_name) values (784, 'Hamish');
insert into users (user_id, user_name) values (785, 'Rebbecca');
insert into users (user_id, user_name) values (786, 'Alexis');
insert into users (user_id, user_name) values (787, 'Kip');
insert into users (user_id, user_name) values (788, 'Gwyneth');
insert into users (user_id, user_name) values (789, 'Frasquito');
insert into users (user_id, user_name) values (790, 'Bertram');
insert into users (user_id, user_name) values (791, 'Halimeda');
insert into users (user_id, user_name) values (792, 'Joye');
insert into users (user_id, user_name) values (793, 'Marta');
insert into users (user_id, user_name) values (794, 'Berkie');
insert into users (user_id, user_name) values (795, 'Padriac');
insert into users (user_id, user_name) values (796, 'Bealle');
insert into users (user_id, user_name) values (797, 'Iggie');
insert into users (user_id, user_name) values (798, 'Nicol');
insert into users (user_id, user_name) values (799, 'Amalle');
insert into users (user_id, user_name) values (800, 'Colleen');
insert into users (user_id, user_name) values (801, 'Franky');
insert into users (user_id, user_name) values (802, 'Darin');
insert into users (user_id, user_name) values (803, 'Rosemaria');
insert into users (user_id, user_name) values (804, 'Donnamarie');
insert into users (user_id, user_name) values (805, 'Marybelle');
insert into users (user_id, user_name) values (806, 'Reeta');
insert into users (user_id, user_name) values (807, 'Elyn');
insert into users (user_id, user_name) values (808, 'Rossy');
insert into users (user_id, user_name) values (809, 'Christie');
insert into users (user_id, user_name) values (810, 'Katti');
insert into users (user_id, user_name) values (811, 'Mandie');
insert into users (user_id, user_name) values (812, 'Hersch');
insert into users (user_id, user_name) values (813, 'Valentino');
insert into users (user_id, user_name) values (814, 'Hugh');
insert into users (user_id, user_name) values (815, 'Paulie');
insert into users (user_id, user_name) values (816, 'Hinda');
insert into users (user_id, user_name) values (817, 'Jase');
insert into users (user_id, user_name) values (818, 'Kari');
insert into users (user_id, user_name) values (819, 'Felike');
insert into users (user_id, user_name) values (820, 'Fields');
insert into users (user_id, user_name) values (821, 'Georgi');
insert into users (user_id, user_name) values (822, 'Sal');
insert into users (user_id, user_name) values (823, 'Berkeley');
insert into users (user_id, user_name) values (824, 'Leslie');
insert into users (user_id, user_name) values (825, 'Cissiee');
insert into users (user_id, user_name) values (826, 'Catherine');
insert into users (user_id, user_name) values (827, 'Weider');
insert into users (user_id, user_name) values (828, 'Catlee');
insert into users (user_id, user_name) values (829, 'Shirlene');
insert into users (user_id, user_name) values (830, 'Theobald');
insert into users (user_id, user_name) values (831, 'Carilyn');
insert into users (user_id, user_name) values (832, 'Becka');
insert into users (user_id, user_name) values (833, 'Zora');
insert into users (user_id, user_name) values (834, 'Valery');
insert into users (user_id, user_name) values (835, 'Junia');
insert into users (user_id, user_name) values (836, 'Eberhard');
insert into users (user_id, user_name) values (837, 'Ennis');
insert into users (user_id, user_name) values (838, 'Wald');
insert into users (user_id, user_name) values (839, 'Horace');
insert into users (user_id, user_name) values (840, 'Dolph');
insert into users (user_id, user_name) values (841, 'Kris');
insert into users (user_id, user_name) values (842, 'Cordey');
insert into users (user_id, user_name) values (843, 'Liam');
insert into users (user_id, user_name) values (844, 'Braden');
insert into users (user_id, user_name) values (845, 'Caitlin');
insert into users (user_id, user_name) values (846, 'Moina');
insert into users (user_id, user_name) values (847, 'Ferdy');
insert into users (user_id, user_name) values (848, 'Tiler');
insert into users (user_id, user_name) values (849, 'Hadlee');
insert into users (user_id, user_name) values (850, 'Cristi');
insert into users (user_id, user_name) values (851, 'Modestia');
insert into users (user_id, user_name) values (852, 'Winifred');
insert into users (user_id, user_name) values (853, 'Coralie');
insert into users (user_id, user_name) values (854, 'Pryce');
insert into users (user_id, user_name) values (855, 'Kameko');
insert into users (user_id, user_name) values (856, 'Consuela');
insert into users (user_id, user_name) values (857, 'Antonella');
insert into users (user_id, user_name) values (858, 'Rosalinda');
insert into users (user_id, user_name) values (859, 'Lanae');
insert into users (user_id, user_name) values (860, 'Hobart');
insert into users (user_id, user_name) values (861, 'Stephanie');
insert into users (user_id, user_name) values (862, 'Kelci');
insert into users (user_id, user_name) values (863, 'Marrissa');
insert into users (user_id, user_name) values (864, 'Dolly');
insert into users (user_id, user_name) values (865, 'Mick');
insert into users (user_id, user_name) values (866, 'Izaak');
insert into users (user_id, user_name) values (867, 'Blanche');
insert into users (user_id, user_name) values (868, 'Helenka');
insert into users (user_id, user_name) values (869, 'Bruce');
insert into users (user_id, user_name) values (870, 'Quintana');
insert into users (user_id, user_name) values (871, 'Conney');
insert into users (user_id, user_name) values (872, 'Layne');
insert into users (user_id, user_name) values (873, 'Osgood');
insert into users (user_id, user_name) values (874, 'Margette');
insert into users (user_id, user_name) values (875, 'Jeni');
insert into users (user_id, user_name) values (876, 'Raleigh');
insert into users (user_id, user_name) values (877, 'Creighton');
insert into users (user_id, user_name) values (878, 'Vivyanne');
insert into users (user_id, user_name) values (879, 'Jenica');
insert into users (user_id, user_name) values (880, 'Pamelina');
insert into users (user_id, user_name) values (881, 'Tony');
insert into users (user_id, user_name) values (882, 'Sunshine');
insert into users (user_id, user_name) values (883, 'Gibby');
insert into users (user_id, user_name) values (884, 'Barnabe');
insert into users (user_id, user_name) values (885, 'Rafaelita');
insert into users (user_id, user_name) values (886, 'Valentia');
insert into users (user_id, user_name) values (887, 'Sheela');
insert into users (user_id, user_name) values (888, 'Elizabet');
insert into users (user_id, user_name) values (889, 'Carmelita');
insert into users (user_id, user_name) values (890, 'Korry');
insert into users (user_id, user_name) values (891, 'Alta');
insert into users (user_id, user_name) values (892, 'Rafaello');
insert into users (user_id, user_name) values (893, 'Ware');
insert into users (user_id, user_name) values (894, 'Kerstin');
insert into users (user_id, user_name) values (895, 'Gretna');
insert into users (user_id, user_name) values (896, 'Jada');
insert into users (user_id, user_name) values (897, 'Nada');
insert into users (user_id, user_name) values (898, 'Trefor');
insert into users (user_id, user_name) values (899, 'Pattie');
insert into users (user_id, user_name) values (900, 'Janis');
insert into users (user_id, user_name) values (901, 'Natividad');
insert into users (user_id, user_name) values (902, 'Swen');
insert into users (user_id, user_name) values (903, 'Basile');
insert into users (user_id, user_name) values (904, 'Aristotle');
insert into users (user_id, user_name) values (905, 'Jareb');
insert into users (user_id, user_name) values (906, 'Tibold');
insert into users (user_id, user_name) values (907, 'Petrina');
insert into users (user_id, user_name) values (908, 'Auroora');
insert into users (user_id, user_name) values (909, 'Ashbey');
insert into users (user_id, user_name) values (910, 'Melicent');
insert into users (user_id, user_name) values (911, 'Reece');
insert into users (user_id, user_name) values (912, 'Esther');
insert into users (user_id, user_name) values (913, 'Elden');
insert into users (user_id, user_name) values (914, 'Tamarra');
insert into users (user_id, user_name) values (915, 'Daphne');
insert into users (user_id, user_name) values (916, 'Sarah');
insert into users (user_id, user_name) values (917, 'Stephi');
insert into users (user_id, user_name) values (918, 'Ami');
insert into users (user_id, user_name) values (919, 'Tedi');
insert into users (user_id, user_name) values (920, 'Angelo');
insert into users (user_id, user_name) values (921, 'Babara');
insert into users (user_id, user_name) values (922, 'Caprice');
insert into users (user_id, user_name) values (923, 'Billi');
insert into users (user_id, user_name) values (924, 'Brice');
insert into users (user_id, user_name) values (925, 'Corenda');
insert into users (user_id, user_name) values (926, 'Dannye');
insert into users (user_id, user_name) values (927, 'Selinda');
insert into users (user_id, user_name) values (928, 'Sherry');
insert into users (user_id, user_name) values (929, 'Israel');
insert into users (user_id, user_name) values (930, 'Nonie');
insert into users (user_id, user_name) values (931, 'Luella');
insert into users (user_id, user_name) values (932, 'Neile');
insert into users (user_id, user_name) values (933, 'Pascal');
insert into users (user_id, user_name) values (934, 'Alvis');
insert into users (user_id, user_name) values (935, 'Sherrie');
insert into users (user_id, user_name) values (936, 'Eduard');
insert into users (user_id, user_name) values (937, 'Verney');
insert into users (user_id, user_name) values (938, 'Leonard');
insert into users (user_id, user_name) values (939, 'Faber');
insert into users (user_id, user_name) values (940, 'Barbra');
insert into users (user_id, user_name) values (941, 'Harriett');
insert into users (user_id, user_name) values (942, 'Marylinda');
insert into users (user_id, user_name) values (943, 'Vivienne');
insert into users (user_id, user_name) values (944, 'Sandra');
insert into users (user_id, user_name) values (945, 'Shurwood');
insert into users (user_id, user_name) values (946, 'Alisun');
insert into users (user_id, user_name) values (947, 'Vilma');
insert into users (user_id, user_name) values (948, 'Berrie');
insert into users (user_id, user_name) values (949, 'Faye');
insert into users (user_id, user_name) values (950, 'Lina');
insert into users (user_id, user_name) values (951, 'Malia');
insert into users (user_id, user_name) values (952, 'Sheila-kathryn');
insert into users (user_id, user_name) values (953, 'Regine');
insert into users (user_id, user_name) values (954, 'Ingeberg');
insert into users (user_id, user_name) values (955, 'Lissa');
insert into users (user_id, user_name) values (956, 'Shani');
insert into users (user_id, user_name) values (957, 'Nancey');
insert into users (user_id, user_name) values (958, 'Beryle');
insert into users (user_id, user_name) values (959, 'Antons');
insert into users (user_id, user_name) values (960, 'Pammie');
insert into users (user_id, user_name) values (961, 'Alysia');
insert into users (user_id, user_name) values (962, 'Rosa');
insert into users (user_id, user_name) values (963, 'Merrili');
insert into users (user_id, user_name) values (964, 'Chlo');
insert into users (user_id, user_name) values (965, 'Valene');
insert into users (user_id, user_name) values (966, 'Leroy');
insert into users (user_id, user_name) values (967, 'Claudius');
insert into users (user_id, user_name) values (968, 'Karry');
insert into users (user_id, user_name) values (969, 'Dalt');
insert into users (user_id, user_name) values (970, 'Helenka');
insert into users (user_id, user_name) values (971, 'Cristobal');
insert into users (user_id, user_name) values (972, 'Kalvin');
insert into users (user_id, user_name) values (973, 'Krystle');
insert into users (user_id, user_name) values (974, 'Sherwin');
insert into users (user_id, user_name) values (975, 'Elden');
insert into users (user_id, user_name) values (976, 'Ode');
insert into users (user_id, user_name) values (977, 'Leupold');
insert into users (user_id, user_name) values (978, 'Karita');
insert into users (user_id, user_name) values (979, 'Shay');
insert into users (user_id, user_name) values (980, 'Temple');
insert into users (user_id, user_name) values (981, 'Georas');
insert into users (user_id, user_name) values (982, 'Maurine');
insert into users (user_id, user_name) values (983, 'Kikelia');
insert into users (user_id, user_name) values (984, 'Dunc');
insert into users (user_id, user_name) values (985, 'Lek');
insert into users (user_id, user_name) values (986, 'Gavin');
insert into users (user_id, user_name) values (987, 'Godfry');
insert into users (user_id, user_name) values (988, 'Reinaldo');
insert into users (user_id, user_name) values (989, 'Elsbeth');
insert into users (user_id, user_name) values (990, 'Delila');
insert into users (user_id, user_name) values (991, 'Beilul');
insert into users (user_id, user_name) values (992, 'Karel');
insert into users (user_id, user_name) values (993, 'Lorne');
insert into users (user_id, user_name) values (994, 'Linoel');
insert into users (user_id, user_name) values (995, 'Virgil');
insert into users (user_id, user_name) values (996, 'Charmane');
insert into users (user_id, user_name) values (997, 'Irwinn');
insert into users (user_id, user_name) values (998, 'Moe');
insert into users (user_id, user_name) values (999, 'Bealle');
insert into users (user_id, user_name) values (1000, 'Lela');




----  TEN PLANES
insert into plane (plane_id) values (1);
insert into plane (plane_id) values (2);
insert into plane (plane_id) values (3);
insert into plane (plane_id) values (4);
insert into plane (plane_id) values (5);
insert into plane (plane_id) values (6);
insert into plane (plane_id) values (7);
insert into plane (plane_id) values (8);
insert into plane (plane_id) values (9);
insert into plane (plane_id) values (10);



--- HUNDRED SEATS

insert into seats (seat_id) values (1);
insert into seats (seat_id) values (2);
insert into seats (seat_id) values (3);
insert into seats (seat_id) values (4);
insert into seats (seat_id) values (5);
insert into seats (seat_id) values (6);
insert into seats (seat_id) values (7);
insert into seats (seat_id) values (8);
insert into seats (seat_id) values (9);
insert into seats (seat_id) values (10);
insert into seats (seat_id) values (11);
insert into seats (seat_id) values (12);
insert into seats (seat_id) values (13);
insert into seats (seat_id) values (14);
insert into seats (seat_id) values (15);
insert into seats (seat_id) values (16);
insert into seats (seat_id) values (17);
insert into seats (seat_id) values (18);
insert into seats (seat_id) values (19);
insert into seats (seat_id) values (20);
insert into seats (seat_id) values (21);
insert into seats (seat_id) values (22);
insert into seats (seat_id) values (23);
insert into seats (seat_id) values (24);
insert into seats (seat_id) values (25);
insert into seats (seat_id) values (26);
insert into seats (seat_id) values (27);
insert into seats (seat_id) values (28);
insert into seats (seat_id) values (29);
insert into seats (seat_id) values (30);
insert into seats (seat_id) values (31);
insert into seats (seat_id) values (32);
insert into seats (seat_id) values (33);
insert into seats (seat_id) values (34);
insert into seats (seat_id) values (35);
insert into seats (seat_id) values (36);
insert into seats (seat_id) values (37);
insert into seats (seat_id) values (38);
insert into seats (seat_id) values (39);
insert into seats (seat_id) values (40);
insert into seats (seat_id) values (41);
insert into seats (seat_id) values (42);
insert into seats (seat_id) values (43);
insert into seats (seat_id) values (44);
insert into seats (seat_id) values (45);
insert into seats (seat_id) values (46);
insert into seats (seat_id) values (47);
insert into seats (seat_id) values (48);
insert into seats (seat_id) values (49);
insert into seats (seat_id) values (50);
insert into seats (seat_id) values (51);
insert into seats (seat_id) values (52);
insert into seats (seat_id) values (53);
insert into seats (seat_id) values (54);
insert into seats (seat_id) values (55);
insert into seats (seat_id) values (56);
insert into seats (seat_id) values (57);
insert into seats (seat_id) values (58);
insert into seats (seat_id) values (59);
insert into seats (seat_id) values (60);
insert into seats (seat_id) values (61);
insert into seats (seat_id) values (62);
insert into seats (seat_id) values (63);
insert into seats (seat_id) values (64);
insert into seats (seat_id) values (65);
insert into seats (seat_id) values (66);
insert into seats (seat_id) values (67);
insert into seats (seat_id) values (68);
insert into seats (seat_id) values (69);
insert into seats (seat_id) values (70);
insert into seats (seat_id) values (71);
insert into seats (seat_id) values (72);
insert into seats (seat_id) values (73);
insert into seats (seat_id) values (74);
insert into seats (seat_id) values (75);
insert into seats (seat_id) values (76);
insert into seats (seat_id) values (77);
insert into seats (seat_id) values (78);
insert into seats (seat_id) values (79);
insert into seats (seat_id) values (80);
insert into seats (seat_id) values (81);
insert into seats (seat_id) values (82);
insert into seats (seat_id) values (83);
insert into seats (seat_id) values (84);
insert into seats (seat_id) values (85);
insert into seats (seat_id) values (86);
insert into seats (seat_id) values (87);
insert into seats (seat_id) values (88);
insert into seats (seat_id) values (89);
insert into seats (seat_id) values (90);
insert into seats (seat_id) values (91);
insert into seats (seat_id) values (92);
insert into seats (seat_id) values (93);
insert into seats (seat_id) values (94);
insert into seats (seat_id) values (95);
insert into seats (seat_id) values (96);
insert into seats (seat_id) values (97);
insert into seats (seat_id) values (98);
insert into seats (seat_id) values (99);
insert into seats (seat_id) values (100);



---- Store mappings of plane 1 seats

INSERT INTO journey (id,plane_id,seat_id)
VALUES
  (1,1,1),
  (2,1,2),
  (3,1,3),
  (4,1,4),
  (5,1,5),
  (6,1,6),
  (7,1,7),
  (8,1,8),
  (9,1,9),
  (10,1,10),
  (11,1,11),
  (12,1,12),
  (13,1,13),
  (14,1,14),
  (15,1,15),
  (16,1,16),
  (17,1,17),
  (18,1,18),
  (19,1,19),
  (20,1,20),
  (21,1,21),
  (22,1,22),
  (23,1,23),
  (24,1,24),
  (25,1,25),
  (26,1,26),
  (27,1,27),
  (28,1,28),
  (29,1,29),
  (30,1,30),
  (31,1,31),
  (32,1,32),
  (33,1,33),
  (34,1,34),
  (35,1,35),
  (36,1,36),
  (37,1,37),
  (38,1,38),
  (39,1,39),
  (40,1,40),
  (41,1,41),
  (42,1,42),
  (43,1,43),
  (44,1,44),
  (45,1,45),
  (46,1,46),
  (47,1,47),
  (48,1,48),
  (49,1,49),
  (50,1,50);
INSERT INTO journey (id,plane_id,seat_id)
VALUES
    (51,1,51),
    (52,1,52),
    (53,1,53),
    (54,1,54),
    (55,1,55),
    (56,1,56),
    (57,1,57),
    (58,1,58),
    (59,1,59),
    (60,1,60),
    (61,1,61),
    (62,1,62),
    (63,1,63),
    (64,1,64),
    (65,1,65),
    (66,1,66),
    (67,1,67),
    (68,1,68),
    (69,1,69),
    (70,1,70),
    (71,1,71),
    (72,1,72),
    (73,1,73),
    (74,1,74),
    (75,1,75),
    (76,1,76),
    (77,1,77),
    (78,1,78),
    (79,1,79),
    (80,1,80),
    (81,1,81),
    (82,1,82),
    (83,1,83),
    (84,1,84),
    (85,1,85),
    (86,1,86),
    (87,1,87),
    (88,1,88),
    (89,1,89),
    (90,1,90),
    (91,1,91),
    (92,1,92),
    (93,1,93),
    (94,1,94),
    (95,1,95),
    (96,1,96),
    (97,1,97),
    (98,1,98),
    (99,1,99),
    (100,1,100);